ISO_2,ISO_3,country,year,final_rank,final,corporate_rank,corporate,income_rank,income,consumption_rank,consumption,property_rank,property,cross_border_rank,cross_border
AU,AUS,Australia,2014,9,77.77420392,26,59.29993348,19,64.50768995,8,78.82451478,2,87.07840154,28,60.41329589
AU,AUS,Australia,2015,9,77.480871,24,58.16620041,19,61.55362007,8,84.38840823,2,86.93855659,28,60.50728197
AU,AUS,Australia,2016,9,76.88052735,25,57.8006229,18,61.58958111,7,79.78725139,2,87.33201948,28,62.99136072
AU,AUS,Australia,2017,9,73.66943938,29,56.99232888,17,63.31749161,7,82.91862497,4,82.11128381,27,62.87564033
AU,AUS,Australia,2018,11,73.7587542,32,54.17242994,17,64.1438958,7,83.86327863,4,80.54936462,28,62.31459143
AU,AUS,Australia,2019,10,77.1096053,31,55.74234778,16,63.63915232,6,82.96987511,4,80.2481727,26,69.44712932
AU,AUS,Australia,2020,10,75.57943721,32,50.10831784,17,63.6918416,6,82.81699867,4,80.19225201,27,69.63534191
AU,AUS,Australia,2021,9,74.12738761,32,48.81775499,15,65.28782008,7,81.94385163,4,80.00518933,27,69.64167132
AU,AUS,Australia,2022,8,76.76488589,32,50.98222765,15,66.93206052,6,82.09595042,4,79.18212444,25,70.48441548
AU,AUS,Australia,2023,13,72.68556966,32,48.60585443,15,65.28673427,8,83.06719365,4,79.01546829,30,63.91662631
AU,AUS,Australia,2024,13,72.48316198,32,46.02110767,15,68.86410533,9,81.42634661,4,79.42495833,33,58.7326872
AT,AUT,Austria,2014,14,71.11626199,15,65.55743218,27,58.38269654,18,59.10536355,23,60.12810559,5,83.23700584
AT,AUT,Austria,2015,15,71.16117625,16,64.12774111,24,59.3400569,17,61.4819951,23,60.18089023,5,83.84740481
AT,AUT,Austria,2016,15,71.39053092,16,64.84749308,26,56.65902135,17,57.12063498,17,65.93592005,5,84.49361642
AT,AUT,Austria,2017,17,68.52567646,19,64.98397937,32,48.53863462,16,61.23146947,16,65.71356592,5,84.39369298
AT,AUT,Austria,2018,15,68.59316417,20,64.28383964,32,46.93568047,16,63.24896734,16,63.29299194,5,84.86109378
AT,AUT,Austria,2019,17,69.43846995,21,64.44917436,32,46.85737724,16,61.94409964,15,63.05432281,7,85.85572548
AT,AUT,Austria,2020,18,68.38190197,25,57.41188273,27,54.22783501,16,60.8726158,15,63.34938445,8,85.47824872
AT,AUT,Austria,2021,18,66.43714149,23,57.08280016,27,56.41660353,15,61.45331445,15,63.23785977,14,80.85636058
AT,AUT,Austria,2022,19,67.07564671,23,58.56612821,27,56.39040283,17,57.66271471,17,62.91109313,15,80.21028316
AT,AUT,Austria,2023,17,66.95058634,20,61.09846208,28,55.96298953,17,60.31481312,16,62.93586686,15,79.90748516
AT,AUT,Austria,2024,15,67.8821197,19,61.33177492,25,57.964316,14,61.90969617,16,62.83295859,15,74.66701467
BE,BEL,Belgium,2014,17,69.18281692,32,52.73082206,13,78.1713323,19,56.75268853,27,56.48313321,11,77.62170159
BE,BEL,Belgium,2015,18,68.5226235,31,52.14850009,13,76.40777399,19,59.11758942,25,56.34422116,11,78.02495472
BE,BEL,Belgium,2016,24,65.81247571,32,52.73232389,12,74.97688236,20,50.34068084,25,56.54363771,11,78.49416427
BE,BEL,Belgium,2017,24,63.75058123,31,55.0382628,13,72.64252707,21,51.3329191,26,56.41670588,13,76.2005829
BE,BEL,Belgium,2018,23,63.32497864,22,61.50424591,13,71.28990957,22,53.70330844,30,45.16464756,13,76.58148047
BE,BEL,Belgium,2019,24,64.49403919,26,59.83424548,12,70.05607212,25,52.47247583,30,45.04353592,13,81.43080582
BE,BEL,Belgium,2020,21,64.87260188,23,58.45791515,14,69.90120376,23,52.48057962,25,53.71787917,17,76.60190563
BE,BEL,Belgium,2021,21,63.64042508,13,66.88687051,14,71.87123217,24,52.23095367,30,45.19764375,17,76.56842083
BE,BEL,Belgium,2022,21,65.49049211,13,68.11850573,13,74.74432595,24,49.55362467,29,45.00000913,18,76.20904173
BE,BEL,Belgium,2023,24,62.29596993,12,66.9442775,13,71.83519993,21,53.73966751,29,45.09583742,24,67.29585475
BE,BEL,Belgium,2024,26,60.96072215,18,61.99268588,13,73.00198895,26,51.99721379,29,44.84946124,24,64.65450486
CA,CAN,Canada,2014,26,65.84607892,21,61.80454802,30,56.82708248,13,63.57910578,28,55.77699767,18,67.21970936
CA,CAN,Canada,2015,17,70.23204797,20,60.17482576,21,59.72583665,9,82.45464122,26,56.00771929,17,67.46846345
CA,CAN,Canada,2016,17,69.27417781,22,60.94936157,27,56.10026358,9,78.66846649,26,56.51017283,18,69.4528894
CA,CAN,Canada,2017,16,68.666844,23,62.04232062,28,54.4176359,6,85.2408075,25,56.75366999,19,69.18737006
CA,CAN,Canada,2018,16,68.13924701,25,60.07649278,28,52.78392351,6,86.56133973,24,53.81097824,19,68.42375916
CA,CAN,Canada,2019,15,70.31760031,24,61.81905407,27,52.03642195,8,81.37783574,24,53.82926606,18,76.45774614
CA,CAN,Canada,2020,15,69.24700586,24,57.56953674,28,53.10884183,8,81.93351849,24,54.13046759,18,76.24636267
CA,CAN,Canada,2021,16,67.74111218,26,56.14341676,29,54.41155203,8,81.74654646,24,53.70010371,18,76.26044808
CA,CAN,Canada,2022,15,69.64855962,26,58.11417848,26,56.60640358,8,78.97183661,25,52.84271723,17,76.91123848
CA,CAN,Canada,2023,15,69.49974687,21,59.96344269,26,56.59424245,9,81.86343904,25,53.25337446,17,76.67261806
CA,CAN,Canada,2024,17,66.69360376,26,53.44964252,31,52.85520666,8,82.62466761,25,53.31943352,19,70.3244664
CL,CHL,Chile,2014,22,67.5273416,19,63.11073713,15,68.13988244,9,74.18201466,13,69.73831982,37,35.10069862
CL,CHL,Chile,2015,24,66.62593488,21,59.55887419,15,69.41833788,10,76.76730676,13,69.93484291,37,34.61953372
CL,CHL,Chile,2016,28,61.95768112,23,59.36187347,19,61.56951516,11,70.95326735,14,70.14327722,38,32.19293248
CL,CHL,Chile,2017,29,59.56084664,35,50.0717005,16,63.70634958,10,76.44176853,12,70.26506063,38,32.13342486
CL,CHL,Chile,2018,32,58.32056443,35,46.7963759,16,64.4352758,11,76.66201733,13,68.06604772,38,32.24328433
CL,CHL,Chile,2019,32,60.03712136,34,47.77606932,17,61.21132037,11,75.56764395,12,67.83838275,38,35.15316665
CL,CHL,Chile,2020,22,64.22510645,21,60.48288419,16,63.8444146,10,76.53043248,12,67.51989249,38,35.23820227
CL,CHL,Chile,2021,24,62.54320771,19,62.24976682,19,62.24467299,11,75.61946299,12,67.23683868,38,35.2424203
CL,CHL,Chile,2022,30,59.67459395,17,65.5066225,37,39.919208,11,71.54948987,13,67.17109361,38,36.24029347
CL,CHL,Chile,2023,29,58.75832757,36,41.29764879,23,59.80863975,10,80.13511353,13,67.06340633,38,36.71940999
CL,CHL,Chile,2024,29,58.39029738,36,39.2524161,24,59.37024617,11,78.1030155,13,66.42362413,38,37.26353763
CO,COL,Colombia,2014,28,64.85525601,37,40.10641266,3,95.14644217,10,72.35087178,20,62.75375756,38,34.17428534
CO,COL,Colombia,2015,35,57.32497887,37,31.41754385,3,94.91298243,12,72.97521438,32,47.91578271,38,34.24335808
CO,COL,Colombia,2016,34,56.68781485,38,29.93421765,3,98.4892369,12,69.74449736,31,48.01877,37,38.9411021
CO,COL,Colombia,2017,37,52.33330708,37,31.81302006,5,93.33514668,17,61.02626631,31,48.0260529,37,38.26528536
CO,COL,Colombia,2018,36,50.98934376,38,29.99112004,5,91.31696946,18,60.51625314,32,43.64315759,36,42.46507751
CO,COL,Colombia,2019,35,56.53453647,37,41.79941078,6,88.03248247,18,58.7658545,32,43.25406565,36,50.22054792
CO,COL,Colombia,2020,36,49.63392021,37,37.60362367,13,71.59725805,17,59.48948665,32,43.21320527,35,42.96953672
CO,COL,Colombia,2021,36,48.91307599,36,38.3717967,13,74.002472,17,60.09911226,32,43.15256421,36,42.98252332
CO,COL,Colombia,2022,38,45.11359216,38,31.79710144,14,69.04617207,18,56.52013011,35,36.70959467,36,42.10054469
CO,COL,Colombia,2023,38,43.93949175,38,31.39976693,14,67.74566381,18,58.80974571,35,37.14393416,36,39.10151774
CO,COL,Colombia,2024,38,45.7438964,38,31.60276186,14,69.70055748,15,61.78577489,35,36.87287299,37,39.24825979
CR,CRI,Costa Rica,2014,16,70.33353775,31,53.80775903,17,65.45238193,7,81.15769044,10,71.33879844,33,50.22034687
CR,CRI,Costa Rica,2015,13,71.30969404,32,50.12633182,16,64.69305518,7,85.0460449,10,71.18889539,31,58.69157539
CR,CRI,Costa Rica,2016,16,70.26545674,34,51.2356762,15,62.60620492,8,79.71091935,10,71.4385821,31,61.30952732
CR,CRI,Costa Rica,2017,15,68.73533006,34,52.78284635,18,62.35863145,9,81.29255311,10,71.0542249,28,61.88096717
CR,CRI,Costa Rica,2018,17,67.34221233,34,48.41396732,20,60.15245385,9,82.21316777,10,68.89296028,29,61.21257972
CR,CRI,Costa Rica,2019,22,66.04815959,35,46.71877026,28,51.65015689,9,80.07466696,16,62.69566264,27,69.42665189
CR,CRI,Costa Rica,2020,25,63.61767938,35,40.7510453,32,48.28847042,9,79.91203177,16,62.98015807,26,69.93030236
CR,CRI,Costa Rica,2021,23,63.15600205,35,39.89642364,32,50.87158821,9,81.19449385,16,62.79922433,26,69.99747985
CR,CRI,Costa Rica,2022,25,63.71536407,36,39.2741485,31,50.8514215,7,80.13122801,11,68.4535693,33,60.67549106
CR,CRI,Costa Rica,2023,21,64.38179578,35,42.57324084,32,50.86496178,7,85.25116843,11,68.11444206,33,59.73660234
CR,CRI,Costa Rica,2024,21,65.16450095,35,40.84667242,32,51.16361402,7,84.88513402,11,68.04551864,28,60.58765682
CZ,CZE,Czech Republic,2014,5,82.23282155,7,76.23395088,1,100,26,47.55786559,9,71.62097739,10,77.96448531
CZ,CZE,Czech Republic,2015,4,81.629239,7,74.57883383,1,100,26,49.47904934,9,71.61224437,10,78.23348792
CZ,CZE,Czech Republic,2016,4,81.38577357,7,75.75495711,1,100,26,45.81591074,9,71.95682913,9,80.47467601
CZ,CZE,Czech Republic,2017,4,79.50190177,5,74.6894712,1,100,27,49.39819955,9,71.67563948,9,81.04199946
CZ,CZE,Czech Republic,2018,4,81.46201965,5,76.96667183,1,100,25,52.78450608,9,69.67595233,8,80.75192022
CZ,CZE,Czech Republic,2019,4,83.16103462,6,77.04051427,1,100,24,52.48792298,9,69.49119858,12,81.59439872
CZ,CZE,Czech Republic,2020,4,84.76417509,6,76.84768183,1,100,26,51.74620404,6,76.58419245,13,81.50427454
CZ,CZE,Czech Republic,2021,4,82.38599281,6,76.63377422,3,94.82997785,25,52.04864211,6,76.49922613,11,82.84377909
CZ,CZE,Czech Republic,2022,5,82.67650009,6,77.29226362,4,92.77654174,25,49.03062341,6,76.529512,12,83.03592093
CZ,CZE,Czech Republic,2023,5,78.54216821,6,77.49761933,4,92.28571099,33,40.23415337,6,76.53312765,9,83.5644452
CZ,CZE,Czech Republic,2024,8,77.30560904,8,69.76997192,4,93.90410585,32,41.22454793,6,76.42441465,11,78.595922
DK,DNK,Denmark,2014,33,61.70756538,18,63.30981868,34,48.40565851,22,50.51448719,17,65.28196337,29,59.36877032
DK,DNK,Denmark,2015,31,61.88161796,13,66.10492507,35,45.31649142,24,51.18158226,16,64.95299213,27,61.04879641
DK,DNK,Denmark,2016,32,61.45819974,14,66.90741279,34,46.54439031,25,47.51961591,18,65.10610357,27,63.455711
DK,DNK,Denmark,2017,28,61.16406658,12,69.38450148,35,45.84597725,23,50.6587757,17,64.7897443,26,63.17312924
DK,DNK,Denmark,2018,27,60.53470321,15,68.5483714,34,44.10082743,20,54.23149104,17,62.51766111,27,62.48886371
DK,DNK,Denmark,2019,28,62.64028866,13,69.49322313,34,42.97643798,20,53.45337618,17,62.56867139,29,66.29618125
DK,DNK,Denmark,2020,28,61.8363304,10,68.46433308,36,43.85609493,20,53.94334286,17,62.82313587,31,65.75290116
DK,DNK,Denmark,2021,31,58.9412546,18,62.54748604,36,45.22224753,21,53.67929385,17,62.65209641,31,65.74376758
DK,DNK,Denmark,2022,29,61.01187481,18,64.33530422,34,46.47427289,20,52.93441781,18,61.97231879,30,65.05741127
DK,DNK,Denmark,2023,28,60.47341806,17,64.99642519,35,46.68570385,20,54.69827581,18,62.18258749,29,64.55361947
DK,DNK,Denmark,2024,28,60.23900391,14,63.3892711,36,47.56876908,20,55.39058911,17,62.2991059,32,59.10049788
EE,EST,Estonia,2014,1,100,1,100,2,96.87704347,12,67.00437238,1,100,13,75.24753695
EE,EST,Estonia,2015,1,100,1,100,2,97.41932967,14,68.10014315,1,100,12,76.11879796
EE,EST,Estonia,2016,1,100,1,100,4,97.93817312,13,64.19998562,1,100,12,77.881665
EE,EST,Estonia,2017,1,100,1,100,2,98.32837491,12,72.08984894,1,100,6,84.12291325
EE,EST,Estonia,2018,1,100,1,100,2,97.83545421,13,64.93351458,1,100,6,83.93379159
EE,EST,Estonia,2019,1,100,2,98.67886592,3,94.64557834,13,64.09405992,1,100,14,81.075795
EE,EST,Estonia,2020,1,100,2,98.55060881,3,94.66569785,14,64.75798095,1,100,14,80.85859721
EE,EST,Estonia,2021,1,100,2,98.48503573,1,100,13,64.36233648,1,100,13,81.88459894
EE,EST,Estonia,2022,1,100,2,98.54798318,1,100,15,59.85767249,1,100,13,82.170929
EE,EST,Estonia,2023,1,100,2,98.68969451,1,100,12,67.31658946,1,100,13,81.65352704
EE,EST,Estonia,2024,1,100,2,98.68359856,2,99.32394944,18,59.55177015,1,100,9,82.51391786
FI,FIN,Finland,2014,23,66.55598445,11,70.94446435,26,58.82648137,21,51.77867097,24,59.38341463,19,66.66759289
FI,FIN,Finland,2015,23,66.9427912,11,69.86521163,29,55.73514836,21,53.35728144,18,64.2470272,18,66.9673299
FI,FIN,Finland,2016,19,68.34246633,11,72.66139369,28,55.31998076,21,48.82499766,12,70.61672186,19,68.99611898
FI,FIN,Finland,2017,21,65.00101122,11,71.98707621,27,55.55269422,22,50.86716063,19,63.88013702,20,68.63133849
FI,FIN,Finland,2018,20,65.28410149,10,74.0998876,27,53.446453,23,53.49536132,19,61.2664322,18,68.76589894
FI,FIN,Finland,2019,19,67.30687931,9,74.12453137,26,52.31600808,22,52.89943564,19,60.93298667,20,73.45096234
FI,FIN,Finland,2020,19,66.50642529,7,73.39781012,30,52.47649767,21,53.37678829,19,61.24514122,19,72.91234453
FI,FIN,Finland,2021,19,65.30409909,9,72.76340542,30,53.90877622,20,53.7112861,20,61.18373429,19,72.90529742
FI,FIN,Finland,2022,20,66.4958795,9,73.72512154,29,55.44469475,23,50.83690452,19,60.73619732,23,72.0820364
FI,FIN,Finland,2023,20,65.85832025,9,74.2283748,29,55.37122586,22,53.01104284,19,60.87158858,20,71.67973412
FI,FIN,Finland,2024,20,65.18804504,7,70.98838583,27,57.33088856,24,52.66308319,19,60.75305129,22,66.33368243
FR,FRA,France,2014,38,41.33629715,38,31.01827013,38,36.76850193,31,40.29941284,38,30.09989905,16,72.34980709
FR,FRA,France,2015,38,41.69863167,38,30.68291164,38,38.55713619,32,42.25620942,38,29.94558119,15,72.85291323
FR,FRA,France,2016,38,42.50471954,37,37.79437374,38,39.74142733,32,39.29460678,38,29.999725,15,74.48858797
FR,FRA,France,2017,38,39.42346084,38,28.40750612,38,38.94227969,30,41.13794611,38,29.75684996,15,73.94081167
FR,FRA,France,2018,38,43.01334413,37,37.24462117,35,42.94865104,32,43.5229584,38,31.82410428,15,73.58469007
FR,FRA,France,2019,38,44.27679895,38,29.66541306,35,42.3001398,33,42.81950567,36,37.55690184,15,80.54227685
FR,FRA,France,2020,38,45.65407392,38,31.97513733,34,46.2143859,33,41.59212018,36,38.29232719,12,82.22285988
FR,FRA,France,2021,38,46.59754309,37,37.07029876,34,47.76542027,33,42.32672265,34,39.14515422,12,82.74827321
FR,FRA,France,2022,36,50.5386315,34,46.00961019,32,49.65732145,33,39.1606697,34,39.2813546,10,83.20241262
FR,FRA,France,2023,36,50.97241362,33,46.98836277,33,48.89083477,32,42.74965687,32,40.64913332,11,83.06539116
FR,FRA,France,2024,36,50.23775264,33,44.61005399,33,49.89903964,31,43.14911535,31,41.01613878,13,77.84343741
DE,DEU,Germany,2014,18,68.95012316,27,57.12371743,35,46.32891947,14,63.5029608,11,70.47276471,9,78.361292
DE,DEU,Germany,2015,19,68.47847083,25,56.27229745,36,43.94840741,15,66.09701348,11,70.47499328,9,78.78703035
DE,DEU,Germany,2016,20,68.16330195,26,57.41767344,36,44.45406052,16,61.91301754,11,70.79148997,10,80.09347326
DE,DEU,Germany,2017,18,67.45522213,26,59.37914717,36,44.62852764,13,65.65589754,11,70.50383208,11,80.01424243
DE,DEU,Germany,2018,19,66.90650245,26,57.53551127,36,42.89437078,12,67.065918,11,68.41162464,11,79.93920152
DE,DEU,Germany,2019,18,69.33282508,29,56.52523493,36,42.27875342,12,65.92953647,10,68.23729962,6,88.76354939
DE,DEU,Germany,2020,16,69.02108884,28,55.3206955,35,44.19767654,12,65.14205466,11,68.56321031,6,88.80354933
DE,DEU,Germany,2021,17,66.6410238,30,49.4072827,35,45.97079879,12,65.37970238,11,68.4373689,6,88.78634763
DE,DEU,Germany,2022,18,67.18920327,30,51.63652152,35,46.27039518,14,60.40380338,12,68.03671604,6,88.72400839
DE,DEU,Germany,2023,18,66.62869359,30,49.47277604,36,46.43325507,14,66.05442771,12,68.05747458,6,88.2637515
DE,DEU,Germany,2024,16,66.80361504,31,48.32620978,35,48.22088334,13,66.27209901,12,67.99710614,8,83.37427828
GR,GRC,Greece,2014,30,63.18529298,17,63.44986507,12,78.88214902,27,45.00178309,29,54.54981199,31,55.03801218
GR,GRC,Greece,2015,33,60.51373379,28,54.84680409,12,77.11589326,29,46.83404229,27,54.91622844,32,55.66942348
GR,GRC,Greece,2016,35,55.35533946,30,55.81340582,20,61.16910248,28,43.05760566,29,52.58212898,32,58.37937975
GR,GRC,Greece,2017,35,54.99375311,27,58.37372261,15,68.56045418,33,40.40419919,29,51.18843831,34,56.64828794
GR,GRC,Greece,2018,34,53.66247554,30,56.05447417,15,66.78965623,30,45.98004168,29,46.97697974,34,56.0318603
GR,GRC,Greece,2019,34,59.18830317,20,64.68432237,14,69.1131713,31,43.45490006,29,46.45565353,32,63.90955948
GR,GRC,Greece,2020,30,61.34207769,20,61.13400072,10,75.46954603,31,44.20677046,30,46.47895836,21,72.22142283
GR,GRC,Greece,2021,28,60.7858104,17,63.05881766,10,77.3958443,32,43.83563688,28,47.25658852,21,72.23089312
GR,GRC,Greece,2022,27,62.74858518,19,64.16721038,9,82.12011988,32,40.15519477,27,46.98114026,24,71.90229813
GR,GRC,Greece,2023,27,62.15349535,18,64.55998377,9,81.18992537,31,43.26893699,27,46.59116344,21,71.56460059
GR,GRC,Greece,2024,27,60.85771766,17,62.0780207,9,82.18591837,34,40.69819045,27,47.09173605,21,66.47090772
HU,HUN,Hungary,2014,13,72.66078318,16,64.79495547,9,86.96513021,36,32.85113394,16,65.41166173,4,85.78818161
HU,HUN,Hungary,2015,14,71.223829,17,61.55990213,9,86.12894502,37,34.04100169,17,64.44631551,4,86.30780723
HU,HUN,Hungary,2016,14,71.72691469,19,63.00083841,9,88.06893279,36,33.14110498,19,64.83005301,4,87.74073118
HU,HUN,Hungary,2017,12,72.34755023,14,68.10690551,8,88.06204982,35,37.86458813,18,64.57463317,4,88.34694581
HU,HUN,Hungary,2018,10,74.23524952,8,74.62107895,8,87.31796559,36,35.85142558,18,62.01821636,2,91.75821195
HU,HUN,Hungary,2019,9,77.51728127,5,78.71212826,7,86.7830068,36,34.46050931,18,61.82826795,3,97.39601501
HU,HUN,Hungary,2020,7,76.88246876,5,80.76564103,6,86.49407366,38,31.49427678,18,62.33366704,3,97.34531868
HU,HUN,Hungary,2021,7,76.67539232,5,82.14999536,5,90.56089651,38,31.40845804,18,62.41661071,2,97.70628765
HU,HUN,Hungary,2022,10,76.24812459,4,82.13648698,5,89.6308508,36,31.17331222,23,56.73565731,2,98.3827404
HU,HUN,Hungary,2023,8,76.6160292,4,82.70999345,5,90.3205466,37,36.48051363,23,56.88966728,2,98.46541892
HU,HUN,Hungary,2024,7,77.46449005,4,82.94125337,5,91.72955815,36,36.85149886,23,56.952201,3,93.72555911
IS,ISL,Iceland,2014,34,58.16633743,13,67.86878968,22,61.65259153,30,40.60853504,36,40.38975147,22,66.180537
IS,ISL,Iceland,2015,29,62.30110172,14,66.06923716,20,59.90302501,28,47.11602361,28,54.60950528,21,65.83380586
IS,ISL,Iceland,2016,29,61.56161353,15,65.72062055,21,61.06844088,27,44.83807306,27,54.00612235,22,67.98097053
IS,ISL,Iceland,2017,31,59.26554678,18,65.06010158,20,61.03295325,26,49.94627422,27,53.89578288,30,60.27011534
IS,ISL,Iceland,2018,29,59.65103014,14,69.29246534,19,61.0666804,27,51.9117902,27,49.91170142,31,59.77940148
IS,ISL,Iceland,2019,30,61.64989775,14,69.37560265,20,57.3055341,23,52.70685784,27,48.70695178,30,65.86808911
IS,ISL,Iceland,2020,33,59.65481801,13,66.64729835,23,57.76702815,27,51.22795339,28,48.75654452,32,65.28470658
IS,ISL,Iceland,2021,32,57.13341752,16,64.79303961,22,60.41063086,28,48.76355475,27,47.71378213,32,65.27415726
IS,ISL,Iceland,2022,34,56.45249831,15,66.1792993,19,62.36075211,28,45.37917544,33,39.80335402,31,64.33699869
IS,ISL,Iceland,2023,33,56.56294588,11,67.50009088,20,61.60797941,29,48.78933184,33,40.25566179,31,63.77418995
IS,ISL,Iceland,2024,34,55.86384136,16,63.19448773,20,61.70652594,29,48.32293944,33,40.02217177,27,62.94040609
IE,IRL,Ireland,2014,32,63.02052296,4,84.68964845,37,45.60286736,37,32.3099301,21,62.56783948,21,66.26706478
IE,IRL,Ireland,2015,32,61.80526714,4,82.34361287,37,42.6720292,36,34.16475269,21,61.90605567,22,65.8127243
IE,IRL,Ireland,2016,33,60.67561812,4,79.59665958,37,42.54225792,37,32.69345315,22,61.89085368,20,68.52758423
IE,IRL,Ireland,2017,32,59.22518339,4,77.34427949,37,41.60653371,37,33.81872297,22,62.27513509,18,69.26810911
IE,IRL,Ireland,2018,30,59.57697872,4,81.9429039,37,40.10753914,35,36.69955352,21,60.327618,21,68.09787176
IE,IRL,Ireland,2019,31,61.42206346,4,82.77290023,38,39.56389038,35,34.78013721,21,60.5833396,23,71.66225932
IE,IRL,Ireland,2020,32,59.90928573,4,81.11694659,38,38.94990132,35,35.73534872,20,61.13959704,24,71.03782853
IE,IRL,Ireland,2021,30,59.59358293,4,82.219194,38,40.59753244,35,36.63024943,19,61.92496304,24,71.09076179
IE,IRL,Ireland,2022,32,57.6292375,5,80.21684453,36,44.06180074,37,31.16784871,16,63.12376308,34,60.21835498
IE,IRL,Ireland,2023,32,58.13076056,5,80.74692254,37,42.12065142,36,38.41998759,17,62.56774749,34,59.6699817
IE,IRL,Ireland,2024,32,57.36090273,5,79.12378366,37,42.43004948,35,38.4267975,18,61.77362908,34,54.37941188
IL,ISR,Israel,2014,15,70.91468029,14,65.82182815,33,49.42614536,11,72.08766052,12,69.91168273,23,65.53745104
IL,ISR,Israel,2015,16,70.80337104,15,65.56696557,31,48.87244376,11,75.38142048,12,69.9490288,23,64.71248757
IL,ISR,Israel,2016,13,71.83156911,12,69.23387846,31,50.33047926,10,71.10865167,13,70.38719839,23,67.65371138
IL,ISR,Israel,2017,14,70.23225666,16,65.20032015,29,52.5221119,11,75.98652619,13,70.03963917,21,68.43697056
IL,ISR,Israel,2018,14,70.54122926,16,67.30727813,30,47.94700133,10,77.78542143,12,68.13817438,20,68.14235353
IL,ISR,Israel,2019,14,72.56948753,19,64.90361609,31,46.98178924,10,75.91847199,11,68.01246268,17,76.66918737
IL,ISR,Israel,2020,12,73.68132652,14,66.22208289,31,49.48013788,11,76.35638342,10,68.65845664,16,77.34330808
IL,ISR,Israel,2021,12,72.7995746,14,65.61207202,31,51.99612767,10,75.80054522,10,68.80466422,16,77.39520621
IL,ISR,Israel,2022,11,75.4727793,16,66.11761887,30,54.96266441,10,73.33115402,10,69.60951201,14,80.33607136
IL,ISR,Israel,2023,10,74.86458591,13,66.91952329,30,53.74268584,11,78.47295803,10,68.54682641,14,79.99951083
IL,ISR,Israel,2024,10,76.36393682,11,66.40704112,29,54.27683293,10,78.32080801,10,68.17941311,10,80.84430062
IT,ITA,Italy,2014,35,56.45300499,22,61.16120332,16,66.96714804,29,41.5513892,37,36.28931315,24,65.20247415
IT,ITA,Italy,2015,37,52.95761028,26,56.00372388,22,59.69693586,30,43.42295902,37,37.29600895,25,62.45300005
IT,ITA,Italy,2016,37,51.8769274,29,56.39771694,22,60.76224017,30,40.62944568,37,36.10247539,25,65.04729845
IT,ITA,Italy,2017,36,53.17293644,15,65.59159807,22,59.12064646,31,40.70114411,37,36.05391013,23,64.89969632
IT,ITA,Italy,2018,37,49.71778118,21,63.25800834,18,62.44710548,37,33.22999567,37,32.19426489,23,65.19593366
IT,ITA,Italy,2019,37,51.50290289,22,62.5352393,18,60.79741248,37,32.59552434,38,31.91659041,24,71.3989593
IT,ITA,Italy,2020,37,48.58747111,27,55.9712225,18,61.65421169,37,31.8633567,38,31.98876037,25,70.95939078
IT,ITA,Italy,2021,37,47.10006294,27,54.73585924,16,63.70250142,37,32.33921244,38,32.02211282,25,70.94303672
IT,ITA,Italy,2022,37,49.44898048,25,58.23559912,17,64.45570566,38,30.39676844,38,31.85385668,26,70.25074468
IT,ITA,Italy,2023,37,48.59437733,23,59.38459114,16,63.38555101,38,30.64696008,38,31.75974444,23,69.86756224
IT,ITA,Italy,2024,37,47.17604761,24,55.05485701,16,64.44880417,38,31.30789888,38,31.82650164,25,64.4656246
JP,JPN,Japan,2014,21,68.36062999,33,48.16819751,31,51.99218372,2,97.31944734,26,58.26536476,30,58.46253403
JP,JPN,Japan,2015,25,65.4568188,34,46.46840658,32,48.61092713,6,93.6523623,24,58.34132154,30,58.93232742
JP,JPN,Japan,2016,18,68.60606031,33,51.48298123,35,46.08447869,1,100,24,58.54430006,29,61.46677943
JP,JPN,Japan,2017,20,66.51781355,32,53.52129001,34,46.57341725,4,95.14960926,24,58.55342701,24,64.7195024
JP,JPN,Japan,2018,22,64.14408221,33,51.05755424,33,44.59712246,4,94.52174471,25,50.28889261,24,65.12263656
JP,JPN,Japan,2019,20,66.70753693,33,50.3764917,33,44.05035122,4,93.47396938,25,50.0873374,19,73.48159953
JP,JPN,Japan,2020,24,63.61863133,34,46.2523097,33,46.62015197,5,89.19452048,26,50.40312292,28,68.84930714
JP,JPN,Japan,2021,25,62.35262873,34,43.50314843,33,48.15797948,5,90.48418628,25,50.28592031,28,68.80099693
JP,JPN,Japan,2022,28,62.5703361,35,45.51111695,33,48.33421604,5,83.28713113,26,49.69326131,27,68.85210729
JP,JPN,Japan,2023,26,62.20586221,34,45.783093,34,48.32581446,5,88.87024846,26,50.06987663,25,65.78977968
JP,JPN,Japan,2024,25,61.08320395,34,43.40930768,34,48.97266991,5,87.85302785,26,50.00501,29,60.55715353
KR,KOR,Korea,2014,27,65.70410392,25,59.85099584,32,51.20696748,3,94.86992723,33,46.75686412,32,51.00816134
KR,KOR,Korea,2015,22,66.96959608,19,60.79994679,30,53.29302689,3,98.50317857,34,46.83411907,33,53.19893022
KR,KOR,Korea,2016,23,66.16040887,20,62.06646692,30,50.91283704,4,92.91826876,34,46.81570316,33,56.65781594
KR,KOR,Korea,2017,22,64.70658878,22,62.19299359,31,49.05906041,3,95.37987419,34,46.66463509,31,58.08664981
KR,KOR,Korea,2018,26,62.12652361,29,57.28766331,38,39.72806279,2,99.36729604,33,42.94087878,33,57.24590895
KR,KOR,Korea,2019,26,63.38972151,30,56.38155764,37,39.77534753,1,100,33,42.55051737,34,58.05324355
KR,KOR,Korea,2020,27,62.18603286,31,51.72861651,37,42.83649853,2,98.99656523,33,42.67242719,34,58.25717315
KR,KOR,Korea,2021,29,60.63566896,29,50.2710058,37,42.00282698,1,100,33,42.26482041,34,58.55459086
KR,KOR,Korea,2022,24,63.72122498,29,52.36422093,38,39.60953864,3,91.41458848,31,41.6141269,19,73.14831677
KR,KOR,Korea,2023,25,62.22846513,26,55.5819542,38,39.29867316,2,95.66132969,31,40.94695285,28,65.27083983
KR,KOR,Korea,2024,24,63.04806354,25,54.54341939,38,40.32581578,1,100,32,40.57420425,30,60.00612546
LV,LVA,Latvia,2014,2,83.33109159,2,89.70062811,4,93.77788564,35,34.56235409,5,79.02989748,8,78.84455994
LV,LVA,Latvia,2015,3,82.83111969,3,84.19066829,4,93.59766661,34,37.63115207,5,79.03025113,6,81.73682107
LV,LVA,Latvia,2016,2,83.35813411,3,85.32308365,5,94.04068453,33,37.58852445,5,79.07775074,6,83.15803474
LV,LVA,Latvia,2017,3,80.671026,3,82.36186795,4,93.85528026,32,40.40864361,5,78.79751324,7,83.46881103
LV,LVA,Latvia,2018,2,85.46235394,2,96.12581552,6,90.12896211,28,48.67847822,5,76.82545966,10,80.16340261
LV,LVA,Latvia,2019,2,88.80669107,1,100,5,88.62955606,28,47.1395465,5,76.62464376,9,84.97975128
LV,LVA,Latvia,2020,2,89.45377208,1,100,5,89.07343566,28,49.9756233,5,77.27138522,9,85.19703096
LV,LVA,Latvia,2021,2,89.20771214,1,100,4,93.39781506,27,50.95666119,5,77.27593052,8,85.23319533
LV,LVA,Latvia,2022,2,89.87980761,1,100,3,93.79498994,26,48.50155105,5,76.97268812,8,85.28238239
LV,LVA,Latvia,2023,2,88.88952691,1,100,3,92.8177174,25,52.33752297,5,77.12170882,8,84.80611554
LV,LVA,Latvia,2024,2,92.15122911,1,100,3,94.54131707,21,54.87061147,5,77.17691287,7,85.7063253
LT,LTU,Lithuania,2014,7,79.57157573,3,87.24856015,5,93.6109834,33,36.31186785,6,77.28072113,20,66.2879317
LT,LTU,Lithuania,2015,8,78.22651668,2,85.33521617,6,89.68711979,33,38.0117274,6,77.31906028,19,66.59410969
LT,LTU,Lithuania,2016,8,78.61515211,2,86.42505415,7,90.14649903,34,37.3066039,6,77.09279449,17,69.58095008
LT,LTU,Lithuania,2017,7,76.17503261,2,83.90642798,7,89.78288287,34,39.72045113,6,76.93078983,17,69.46080125
LT,LTU,Lithuania,2018,7,76.7917132,3,83.77178188,7,88.4018849,33,43.46592074,6,75.43209597,17,69.15361484
LT,LTU,Lithuania,2019,8,77.97330109,3,84.80347213,9,81.2618829,32,42.82510373,6,75.34888742,21,72.7207683
LT,LTU,Lithuania,2020,9,76.00103847,3,84.15801167,9,75.74690237,32,43.2416222,7,75.20982214,20,72.60016303
LT,LTU,Lithuania,2021,8,75.80295876,3,84.62936152,9,79.65372755,31,44.49599048,8,75.06693435,20,72.61297681
LT,LTU,Lithuania,2022,7,77.4362361,3,84.73505673,10,80.82099841,30,43.71037011,7,75.19106239,21,72.30964255
LT,LTU,Lithuania,2023,7,77.75357701,3,84.79187139,10,80.77314164,27,49.8139517,7,75.14665219,18,72.62137526
LT,LTU,Lithuania,2024,5,79.46686968,3,84.022091,10,81.91135462,27,49.81066501,7,74.8044774,16,73.35315086
LU,LUX,Luxembourg,2014,4,82.55269836,28,55.94712783,23,61.12814456,1,100,15,67.10441604,3,87.18315933
LU,LUX,Luxembourg,2015,5,81.49869014,27,55.3007227,23,59.61436114,1,100,15,67.16502432,3,88.6029462
LU,LUX,Luxembourg,2016,5,81.0831512,28,56.64831179,23,59.05151418,2,93.81764759,15,67.48272586,3,89.31691065
LU,LUX,Luxembourg,2017,6,77.05591366,21,62.98662262,23,58.34435169,8,82.20779145,14,67.2566543,2,90.74965682
LU,LUX,Luxembourg,2018,6,76.97108047,24,60.31638747,26,55.67291462,8,83.17669805,14,64.93489087,3,91.15478635
LU,LUX,Luxembourg,2019,7,78.52603271,23,61.87365305,25,55.09789538,7,82.27555682,13,64.72036506,4,93.26629792
LU,LUX,Luxembourg,2020,6,78.26107711,22,59.33062899,26,56.45582161,7,82.31669745,13,65.00612898,4,93.65602819
LU,LUX,Luxembourg,2021,6,76.94787242,25,56.72141779,24,58.94908788,6,82.18818781,13,64.92425906,4,93.67009698
LU,LUX,Luxembourg,2022,6,77.96685664,24,58.32773226,23,60.57270727,9,77.96718841,14,64.64619282,5,94.21877152
LU,LUX,Luxembourg,2023,6,78.31971836,24,58.50985277,24,58.91915152,6,86.88558699,14,64.6696721,5,93.837239
LU,LUX,Luxembourg,2024,6,78.79296126,22,56.42965221,23,59.94703885,6,87.6731332,14,64.50800929,5,90.43001687
MX,MEX,Mexico,2014,24,66.2761705,30,54.41543077,20,64.08809571,16,62.81501487,4,82.22577562,36,41.17259106
MX,MEX,Mexico,2015,30,61.94217805,30,52.80965022,34,45.59791598,16,65.14690509,4,82.20495063,36,41.90441631
MX,MEX,Mexico,2016,25,64.02246216,24,59.11577543,33,47.43174107,14,63.84673534,4,82.40202919,36,45.75941176
MX,MEX,Mexico,2017,25,63.01236925,25,60.95330484,30,50.44009498,15,62.92619714,3,82.16219515,36,45.46329222
MX,MEX,Mexico,2018,24,62.60375781,27,57.46955043,29,50.92294531,14,64.89538041,3,80.9607945,35,46.89844873
MX,MEX,Mexico,2019,25,64.18347658,28,57.20989113,29,48.20377503,15,63.44807745,3,80.78620648,35,51.17830098
MX,MEX,Mexico,2020,26,62.50330466,30,52.16874507,20,58.68413422,13,64.83649068,3,81.07395646,37,40.57763156
MX,MEX,Mexico,2021,22,63.18611024,28,51.40935911,18,62.91111495,14,64.27305189,3,80.95624714,35,46.33559152
MX,MEX,Mexico,2022,22,65.23452465,28,53.08153017,18,63.18153075,12,65.52230049,3,80.51299252,35,43.45653776
MX,MEX,Mexico,2023,22,64.33202066,28,53.82979747,17,63.07786165,13,66.53079874,3,80.43953271,35,43.13353767
MX,MEX,Mexico,2024,23,64.89143452,27,52.26249487,19,61.9916187,12,66.61709306,3,80.39748811,36,43.29007332
NL,NLD,Netherlands,2014,11,76.05248289,23,60.62309097,21,62.7158254,17,59.87903016,19,63.8528219,1,100
NL,NLD,Netherlands,2015,11,74.04497306,22,59.54975899,27,57.65746968,18,60.17710172,20,63.34985296,1,100
NL,NLD,Netherlands,2016,11,74.38004135,21,61.14123486,17,61.80167065,18,56.3354616,21,62.60797197,1,100
NL,NLD,Netherlands,2017,11,72.46970047,24,61.56594368,21,60.50058974,18,59.1142686,21,62.54061254,1,100
NL,NLD,Netherlands,2018,12,72.84621527,23,60.47607682,22,58.49195305,17,62.27361684,22,59.86369795,1,100
NL,NLD,Netherlands,2019,13,72.73419281,25,61.23093888,21,57.04598214,17,61.34863829,22,59.52952734,2,98.24255306
NL,NLD,Netherlands,2020,14,70.27784491,26,57.38845227,25,57.08764081,18,57.27665918,22,59.65093981,2,98.33129327
NL,NLD,Netherlands,2021,14,69.4883631,24,56.88365372,26,58.42480355,18,59.43437013,22,59.71371401,3,97.00867542
NL,NLD,Netherlands,2022,14,71.02188911,27,57.99721628,24,60.01432936,16,58.18658063,21,58.94685191,4,97.27890578
NL,NLD,Netherlands,2023,14,70.38020793,25,58.19013486,25,58.41265539,16,61.29446241,21,59.33429219,4,98.34024021
NL,NLD,Netherlands,2024,14,68.28073345,23,55.85049538,30,53.12338858,17,59.72515112,21,59.62569462,4,93.58228884
NZ,NZL,New Zealand,2014,3,83.32207833,29,54.91692524,6,91.33483255,5,92.22898325,7,76.41533566,27,61.10736323
NZ,NZL,New Zealand,2015,2,82.96599431,29,53.81844175,5,91.29541522,5,96.11678782,7,76.18401091,26,61.79536178
NZ,NZL,New Zealand,2016,3,81.90998146,31,55.02579414,6,91.35582047,6,88.46186787,7,76.08661427,26,64.20667654
NZ,NZL,New Zealand,2017,2,82.49159706,30,56.86009453,6,92.09512228,1,100,7,76.39307366,25,64.38065944
NZ,NZL,New Zealand,2018,3,83.42015295,31,55.25988772,4,91.57721929,1,100,7,75.09466125,25,63.92299067
NZ,NZL,New Zealand,2019,3,86.94020404,32,55.47371414,4,91.48506315,2,99.59228869,7,75.16792274,25,71.19990688
NZ,NZL,New Zealand,2020,3,85.92726816,33,49.60939985,4,91.75040541,1,100,8,75.03867577,23,71.18684063
NZ,NZL,New Zealand,2021,3,83.46949226,31,49.26670242,6,88.63623678,2,98.30379529,7,75.14499047,23,71.21220556
NZ,NZL,New Zealand,2022,3,85.70624409,31,51.11961668,6,86.32155777,1,100,8,74.80687107,22,72.13292931
NZ,NZL,New Zealand,2023,3,84.39628269,29,53.1782483,6,87.52474669,1,100,8,74.65100407,22,71.48135138
NZ,NZL,New Zealand,2024,3,84.17209275,30,48.75978875,6,86.51778419,2,98.64339505,8,74.3748209,17,72.22074686
NO,NOR,Norway,2014,19,68.87450771,24,60.58989623,18,65.44094315,24,49.97050839,14,67.24753929,14,74.50425276
NO,NOR,Norway,2015,20,68.11445168,23,59.25205854,18,63.6436181,23,51.81854792,14,67.18785797,14,74.80682102
NO,NOR,Norway,2016,21,67.92333809,18,63.40581197,16,62.44844269,24,47.74922684,16,67.47331413,14,76.04924685
NO,NOR,Norway,2017,19,66.98028895,17,65.19051635,19,62.18624078,24,50.54102474,15,67.07563403,14,75.78640953
NO,NOR,Norway,2018,18,67.09200847,17,67.14583789,21,59.8940134,24,52.98001937,15,63.69935269,14,75.85368154
NO,NOR,Norway,2019,16,69.86221852,16,68.80921771,19,57.92096794,26,51.78507231,14,63.32480538,11,83.51550645
NO,NOR,Norway,2020,17,68.6795597,15,65.67293671,21,58.65353237,25,51.98990783,14,63.35430149,11,83.45217408
NO,NOR,Norway,2021,15,67.87639986,15,65.56901739,21,61.17027796,26,51.97306188,14,63.47287954,10,83.46397205
NO,NOR,Norway,2022,16,68.78511925,14,66.91055076,25,58.76670368,22,50.92552804,15,63.18207049,11,83.11593915
NO,NOR,Norway,2023,19,66.5996301,15,66.84751436,31,53.47422167,23,52.82971583,15,63.20164345,12,82.70436286
NO,NOR,Norway,2024,19,66.17261974,13,64.61637332,28,55.04826029,25,52.32536582,15,63.10845019,14,77.61077037
PL,POL,Poland,2014,25,66.26938433,6,76.55350324,11,79.76718419,38,32.16868412,30,52.72013385,17,68.23774759
PL,POL,Poland,2015,27,63.19011425,6,74.93211067,11,79.17522594,38,33.55170567,30,52.30245893,29,58.95888495
PL,POL,Poland,2016,30,61.49237036,6,76.17962004,11,79.93445802,38,31.84118356,32,47.36481034,30,61.45526075
PL,POL,Poland,2017,30,59.38593746,7,73.30901765,11,79.49106907,38,32.23520786,32,47.33780605,29,60.93598919
PL,POL,Poland,2018,33,57.90061297,6,75.08568887,11,78.62952681,38,31.16391864,31,43.94518814,30,60.24805606
PL,POL,Poland,2019,33,59.6553836,12,70.65493254,11,78.15546805,38,31.68132606,31,43.5950326,28,66.8689045
PL,POL,Poland,2020,34,57.47891069,11,67.52450619,11,74.20569444,36,33.4599233,31,43.96685719,30,66.20488358
PL,POL,Poland,2021,33,56.64120175,12,68.29482588,11,76.85027377,36,33.35362929,31,44.22684915,30,66.52045091
PL,POL,Poland,2022,31,58.27948391,12,69.13696585,12,76.91434631,35,33.01547302,30,43.72810407,29,65.2639072
PL,POL,Poland,2023,30,58.61468094,14,66.86118224,11,77.03320073,35,39.68939006,30,43.84626145,26,65.43320239
PL,POL,Poland,2024,31,57.48595744,12,65.6173939,11,76.74656445,37,33.71420034,30,43.59830052,23,65.99323669
PT,PRT,Portugal,2014,37,52.88584408,34,47.1803154,36,45.72682901,25,48.69151763,18,64.5143242,35,45.97114031
PT,PRT,Portugal,2015,36,54.71172612,33,49.08012612,33,45.65570066,25,50.07349392,19,63.9415224,34,52.59550612
PT,PRT,Portugal,2016,36,54.98027518,35,51.18665218,32,47.76047111,23,47.80647067,20,63.92412012,34,55.82417814
PT,PRT,Portugal,2017,34,55.10449183,33,53.24018531,33,48.17719701,25,50.21990989,20,63.48448699,33,56.66298744
PT,PRT,Portugal,2018,35,52.81594382,36,46.23724949,31,47.73377239,26,51.97987724,20,61.00609201,32,58.45766373
PT,PRT,Portugal,2019,36,55.09473509,36,45.44097852,30,47.97875957,27,51.642941,20,60.73789235,31,64.42480951
PT,PRT,Portugal,2020,35,54.75541465,36,38.72884681,29,53.05760582,24,52.36171934,21,60.87625474,29,66.78541757
PT,PRT,Portugal,2021,35,52.25915747,38,32.91146464,28,55.13352173,23,52.8199546,21,60.65299047,29,66.77038887
PT,PRT,Portugal,2022,35,53.32328752,37,35.403014,28,56.34438882,27,48.12646028,20,60.40283725,28,65.63820659
PT,PRT,Portugal,2023,35,53.86174431,37,38.11331305,27,56.13234288,26,51.38399438,20,60.61365573,27,65.32320374
PT,PRT,Portugal,2024,35,53.73016058,37,36.13526374,26,57.59806627,22,53.19569877,20,60.65303671,31,59.9974075
SK,SVK,Slovak Republic,2014,10,77.59006668,12,70.84913039,8,87.1844428,32,39.09028308,3,82.74408649,15,72.9835862
SK,SVK,Slovak Republic,2015,10,75.25145824,12,68.36229567,8,87.23104237,31,43.06974522,3,82.65035009,24,64.24339158
SK,SVK,Slovak Republic,2016,10,76.72951268,13,68.06932901,2,99.08989594,31,39.90859633,3,82.59377665,24,66.40227033
SK,SVK,Slovak Republic,2017,10,72.489793,13,68.89859432,3,95.53722497,29,43.23187704,2,82.62823775,32,57.0171145
SK,SVK,Slovak Republic,2018,9,74.98693739,13,70.89113056,3,94.92071873,31,44.84318456,2,81.31567139,26,63.56040806
SK,SVK,Slovak Republic,2019,11,75.14663632,15,68.96849373,2,94.76550822,30,44.46997582,2,81.15671856,33,60.04389821
SK,SVK,Slovak Republic,2020,13,73.57643946,17,62.96982756,2,95.25854065,30,45.98518615,2,81.08012661,33,59.40482521
SK,SVK,Slovak Republic,2021,10,74.0077237,20,60.89481799,2,99.38823844,29,46.6021271,2,86.29484467,33,59.38804552
SK,SVK,Slovak Republic,2022,12,74.93042666,21,61.99906114,2,98.5898071,29,45.12798586,2,80.61055411,32,64.04464322
SK,SVK,Slovak Republic,2023,9,75.42023607,16,65.55504171,2,98.45691303,28,49.27543085,2,80.49351351,32,63.30783959
SK,SVK,Slovak Republic,2024,9,76.48458072,15,63.2030674,1,100,28,48.59919062,2,80.53435331,26,63.77246829
SI,SVN,Slovenia,2014,20,68.73640617,5,77.90009441,14,73.12829793,28,43.36792092,25,58.4932436,26,64.67048569
SI,SVN,Slovenia,2015,21,67.6866695,5,76.10558156,14,72.66951813,27,47.80983174,29,53.48379745,20,65.98725248
SI,SVN,Slovenia,2016,22,66.43768096,5,77.18290979,13,73.10878797,29,41.31708845,28,53.85715967,21,68.08570195
SI,SVN,Slovenia,2017,23,64.48377587,8,73.05816782,12,72.95767808,28,44.78799254,28,53.68738807,22,68.01677997
SI,SVN,Slovenia,2018,21,64.64919108,7,74.83164695,12,72.49728347,29,47.16809552,26,50.2815581,22,67.81383606
SI,SVN,Slovenia,2019,21,66.08467107,8,75.13602655,13,69.26536876,29,46.13654064,26,49.91424311,22,71.98090157
SI,SVN,Slovenia,2020,20,65.63878464,8,73.11178966,12,71.96054979,29,46.84409353,27,50.18438596,22,71.74535872
SI,SVN,Slovenia,2021,20,64.87971212,7,74.57566008,12,74.70464635,30,46.45801541,26,49.97511221,22,71.78157637
SI,SVN,Slovenia,2022,17,67.54547848,7,75.33310431,11,77.39705704,31,41.30255097,24,54.89823715,20,72.38920651
SI,SVN,Slovenia,2023,16,67.39886844,7,75.5178539,12,75.29956714,30,46.74417061,24,54.88189759,19,72.42209012
SI,SVN,Slovenia,2024,22,64.91326013,9,67.51566739,12,75.74152207,30,45.86451964,24,54.78229599,20,67.37927051
ES,ESP,Spain,2014,36,54.98165855,36,40.18400016,29,57.63823155,20,54.01212933,32,47.54936498,25,64.88080704
ES,ESP,Spain,2015,34,58.35463438,35,45.68162936,17,63.98890479,20,55.94050843,33,47.17577453,16,68.24825691
ES,ESP,Spain,2016,27,62.88928425,27,56.80008962,14,72.12592546,19,53.85811573,33,46.9672651,16,72.07901593
ES,ESP,Spain,2017,27,61.95783024,28,57.92139428,14,72.47160815,19,55.66598561,33,46.85702661,16,71.77791635
ES,ESP,Spain,2018,28,60.23307152,28,57.3695172,14,68.96925275,19,57.51962651,34,42.17721783,16,70.39979033
ES,ESP,Spain,2019,27,62.89032425,27,57.43287656,15,68.35469888,19,56.79991079,34,41.89569259,16,78.08721756
ES,ESP,Spain,2020,29,61.48774511,29,53.01612527,15,69.06824943,19,57.25013205,34,41.91977571,15,77.94958562
ES,ESP,Spain,2021,34,55.73336262,33,48.31756083,17,63.52007616,19,57.17009875,37,36.52708426,15,77.80179006
ES,ESP,Spain,2022,33,57.21544822,33,48.8105277,16,65.4495076,19,54.51739478,37,36.33329383,16,77.42416093
ES,ESP,Spain,2023,34,56.33888699,31,49.06741196,18,62.88368232,19,57.84032297,37,36.3728267,16,76.84630061
ES,ESP,Spain,2024,33,56.27730801,29,50.00110115,22,61.55867903,19,58.93196992,37,36.52028421,18,71.79068647
SE,SWE,Sweden,2014,12,74.59105647,8,74.53861262,24,60.6743002,23,50.14190409,8,74.31683458,7,78.98877434
SE,SWE,Sweden,2015,12,73.49714537,9,72.18182047,25,58.31948117,22,51.89442834,8,73.99793696,8,79.3418828
SE,SWE,Sweden,2016,12,73.20467731,10,73.16700132,25,58.17498873,22,48.35139293,8,74.42427597,8,80.94566618
SE,SWE,Sweden,2017,13,71.6890166,9,73.01009325,26,57.79997493,20,52.00540836,8,74.24813516,10,80.54550481
SE,SWE,Sweden,2018,13,72.26001628,9,74.27704269,25,56.13290697,21,54.20150083,8,72.47033588,9,80.45915863
SE,SWE,Sweden,2019,12,74.12591338,7,75.24595965,24,55.14556508,21,52.98623028,8,72.59729367,10,83.73406981
SE,SWE,Sweden,2020,11,73.80960994,9,72.92123602,22,58.49227369,22,53.0899513,9,73.05999555,10,83.48586428
SE,SWE,Sweden,2021,11,73.71169519,8,73.65344096,20,61.25464421,22,53.34166708,9,72.96128224,9,84.82206488
SE,SWE,Sweden,2022,13,74.55536069,8,74.65846323,21,61.54604875,21,51.41773617,9,72.5779083,9,83.64243646
SE,SWE,Sweden,2023,12,73.17245255,8,74.52788651,21,61.40568135,24,52.44187626,9,72.6099507,10,83.36299059
SE,SWE,Sweden,2024,12,73.18670225,6,72.55048718,18,62.24820576,23,53.10714255,9,72.56583239,12,78.16755624
CH,CHE,Switzerland,2014,6,81.47497489,10,74.04172934,10,81.13292934,4,94.31649722,35,41.76086904,6,79.01112537
CH,CHE,Switzerland,2015,6,81.31465096,10,71.98605184,10,81.18102143,2,99.1978992,36,41.91411497,7,79.76554162
CH,CHE,Switzerland,2016,6,80.23904022,9,73.58087676,10,81.22276587,5,89.77533156,36,42.04050751,7,81.33921808
CH,CHE,Switzerland,2017,5,78.48172569,10,72.54491485,10,80.45799648,2,95.55798926,36,41.94559813,8,81.5258114
CH,CHE,Switzerland,2018,5,79.1258434,11,73.17505412,10,79.4687553,3,96.10185121,36,36.88591052,7,81.13959893
CH,CHE,Switzerland,2019,5,82.34913985,10,72.05723679,10,79.18331849,3,95.4937689,37,36.61447349,5,91.26447166
CH,CHE,Switzerland,2020,5,81.38225297,12,67.00106322,8,79.50445624,3,96.09640585,37,36.58560041,5,92.28574244
CH,CHE,Switzerland,2021,5,81.32925327,11,68.95909201,8,83.0949348,3,95.41885335,36,36.76159672,5,92.32251597
CH,CHE,Switzerland,2022,4,84.08106873,10,72.28186795,8,83.87358215,4,90.69287437,36,36.68125495,3,98.19773578
CH,CHE,Switzerland,2023,4,82.96802218,10,71.20640519,8,82.46641073,3,95.48573424,36,36.75743429,3,98.37725484
CH,CHE,Switzerland,2024,4,83.58670112,10,67.33644732,8,83.8109428,3,94.20659714,36,36.55077682,1,100
TR,TUR,Turkey,2014,8,79.34143244,9,74.08348179,7,87.50432417,15,63.23877886,22,60.70731323,12,75.72809041
TR,TUR,Turkey,2015,7,79.56275048,8,72.48065934,7,88.00164548,13,68.41528513,22,60.79201099,13,75.79255156
TR,TUR,Turkey,2016,7,79.11760017,8,74.51452854,8,88.38974015,15,62.64965766,23,60.79478589,13,77.58253653
TR,TUR,Turkey,2017,8,75.82059134,6,73.4077662,9,83.92939524,14,64.2843135,23,60.58125658,12,77.89101423
TR,TUR,Turkey,2018,8,75.58553004,12,72.01636316,9,83.39676576,15,64.46698822,23,57.82243796,12,77.44627738
TR,TUR,Turkey,2019,6,78.87538516,11,71.86783435,8,83.40667653,14,63.89298665,23,57.7967797,8,85.68005574
TR,TUR,Turkey,2020,8,76.70764007,16,63.93074581,7,84.73103216,15,63.6769869,23,58.03814061,7,85.54193546
TR,TUR,Turkey,2021,13,72.64692927,22,57.45406527,7,86.00130807,16,60.13552777,23,57.93969868,7,85.56893069
TR,TUR,Turkey,2022,9,76.41826836,20,63.03679068,7,86.26535179,13,61.28581574,22,57.6360892,7,86.98815781
TR,TUR,Turkey,2023,11,73.41879101,22,59.56922565,7,84.56842992,15,61.31378229,22,57.5747131,7,86.99604346
TR,TUR,Turkey,2024,11,74.76750641,21,59.74154782,7,85.89055574,16,59.87795214,22,57.30212966,6,87.67504232
GB,GBR,United Kingdom,2014,29,63.34056657,20,62.34027298,25,59.71743549,34,35.61972419,34,43.14939509,2,97.62549204
GB,GBR,United Kingdom,2015,28,62.69786745,18,61.13188622,26,57.9233542,35,37.58836283,35,43.0519764,2,97.67174269
GB,GBR,United Kingdom,2016,31,61.49016129,17,63.68096147,29,54.47119631,35,33.65308839,35,43.2890609,2,98.05721309
GB,GBR,United Kingdom,2017,33,59.09008769,20,63.2493717,25,58.10169336,36,35.09788989,35,43.25768019,3,90.3112459
GB,GBR,United Kingdom,2018,31,59.3391942,18,65.52321672,24,56.92355216,34,38.13996809,35,39.42075537,4,90.90342373
GB,GBR,United Kingdom,2019,29,62.56268537,17,67.83702449,22,56.32334162,34,37.04698465,35,39.23131065,1,100
GB,GBR,United Kingdom,2020,31,60.22777466,18,61.39104693,24,57.74031175,34,36.99537446,35,38.98623494,1,100
GB,GBR,United Kingdom,2021,27,61.51565652,10,69.87356344,23,59.50669716,34,37.24677229,35,38.73010619,1,100
GB,GBR,United Kingdom,2022,26,63.08913807,11,69.42051939,22,60.63973142,34,35.57169205,32,40.30159125,1,100
GB,GBR,United Kingdom,2023,31,58.35548754,27,53.93338255,22,59.90763175,34,39.71978054,34,39.89641463,1,100
GB,GBR,United Kingdom,2024,30,58.05655525,28,51.78845107,21,61.58378426,33,40.90885048,34,38.98793333,2,95.4693802
US,USA,United States,2014,31,63.15388542,35,45.41076693,28,57.9271387,6,92.1530758,31,50.26976294,34,49.02762611
US,USA,United States,2015,26,63.29045443,36,44.88419323,28,57.46607025,4,97.90280366,31,50.43028757,35,48.64909766
US,USA,United States,2016,26,63.07654005,36,45.85866817,24,58.4809979,3,93.14159619,30,50.76567825,35,51.81482429
US,USA,United States,2017,26,62.10324585,36,49.89179915,24,58.30462527,5,93.2014008,30,50.74409597,35,51.52884704
US,USA,United States,2018,25,62.4001642,19,65.3914254,23,57.52145295,5,93.19610387,28,47.14830631,37,37.24019511
US,USA,United States,2019,23,64.82025824,18,65.28489386,23,55.94485421,5,92.88690061,28,46.90517116,37,41.91118136
US,USA,United States,2020,23,64.07286488,19,61.32265615,19,59.00452399,4,93.54171934,29,47.27617549,36,41.37043043
US,USA,United States,2021,26,61.7505679,21,58.78663918,25,58.54908165,4,93.60364272,29,46.93640087,37,41.32399719
US,USA,United States,2022,23,63.95886714,22,60.29926259,20,61.67659444,2,91.75776559,28,45.8667561,37,39.62158255
US,USA,United States,2023,23,63.19026132,19,61.77023103,19,62.12021166,4,92.45167066,28,45.88440495,37,38.86636599
US,USA,United States,2024,18,66.46392484,20,60.95956253,17,62.98446899,4,93.73210474,28,45.85348214,35,46.69479394
